{
  "name": "PDAC Trial Atlas dataset",
  "version": "1.3",
  "generated_at_utc": "2026-02-05 20:24:09Z",
  "files": {
    "pdac-trials.csv": {
      "path": "pdac-trials.csv",
      "format": "csv",
      "encoding": "UTF-8",
      "header": true,
      "delimiter": ","
    },
    "pdac-trials.parquet": {
      "path": "pdac-trials.parquet",
      "format": "parquet"
    }
  },
  "columns": [
    {
      "name": "nct_id",
      "type": "string",
      "description": "Primary trial identifier. For ClinicalTrials.gov this is the NCT ID (e.g., NCT01234567). For CTIS-only trials, this is the EU CT number (e.g., 2022-500902-16-00)."
    },
    {
      "name": "source",
      "type": "string",
      "description": "Source registry for this record: clinicaltrials.gov, ctis, or clinicaltrials.gov+ctis (merged/correlated)."
    },
    {
      "name": "secondary_id",
      "type": "string",
      "description": "Secondary identifiers when available (comma-separated). For example, CTIS trials may list an NCT ID here."
    },
    {
      "name": "trial_link",
      "type": "string",
      "description": "URL(s) to open the trial in its source registry. When merged, links may be separated by \" | \"."
    },
    {
      "name": "title",
      "type": "string",
      "description": "Trial title as provided by the registry."
    },
    {
      "name": "study_type",
      "type": "string",
      "description": "Study type as reported/normalized (e.g., INTERVENTIONAL, OBSERVATIONAL)."
    },
    {
      "name": "study_design",
      "type": "string",
      "description": "Normalized study design classification derived from registry metadata."
    },
    {
      "name": "phase",
      "type": "string",
      "description": "Trial phase (registry-provided, normalized where possible)."
    },
    {
      "name": "status",
      "type": "string",
      "description": "Recruitment/overall status (e.g., COMPLETED, RECRUITING)."
    },
    {
      "name": "sponsor",
      "type": "string",
      "description": "Lead sponsor organization name."
    },
    {
      "name": "admission_date",
      "type": "string",
      "description": "Registry posting/registration date in ISO-8601 (YYYY-MM-DD) when available."
    },
    {
      "name": "last_update_date",
      "type": "string",
      "description": "Last update date in ISO-8601 (YYYY-MM-DD) when available."
    },
    {
      "name": "has_results",
      "type": "string",
      "description": "Whether results/publications were detected (yes/no)."
    },
    {
      "name": "results_last_update",
      "type": "string",
      "description": "Best-effort date associated with results availability/publication update (YYYY-MM-DD) when available."
    },
    {
      "name": "pubmed_links",
      "type": "string",
      "description": "PubMed URL(s) linked to the trial (best-effort), separated by \" | \"."
    },
    {
      "name": "conditions",
      "type": "string",
      "description": "Conditions/medical indications field from the registry."
    },
    {
      "name": "interventions",
      "type": "string",
      "description": "Interventions text extracted from the registry (may include type + name)."
    },
    {
      "name": "intervention_types",
      "type": "string",
      "description": "Comma-separated intervention type list (e.g., DRUG, RADIATION)."
    },
    {
      "name": "primary_outcomes",
      "type": "string",
      "description": "Primary outcome measures/endpoints text."
    },
    {
      "name": "secondary_outcomes",
      "type": "string",
      "description": "Secondary outcome measures/endpoints text."
    },
    {
      "name": "inclusion_criteria",
      "type": "string",
      "description": "Eligibility inclusion criteria text."
    },
    {
      "name": "exclusion_criteria",
      "type": "string",
      "description": "Eligibility exclusion criteria text."
    },
    {
      "name": "locations",
      "type": "string",
      "description": "Sites/locations text (best-effort) from the registry."
    },
    {
      "name": "brief_summary",
      "type": "string",
      "description": "Brief summary/abstract text."
    },
    {
      "name": "detailed_description",
      "type": "string",
      "description": "Longer detailed description text."
    },
    {
      "name": "therapeutic_class",
      "type": "string",
      "description": "Normalized therapeutic strategy class (heuristic classification)."
    },
    {
      "name": "focus_tags",
      "type": "string",
      "description": "Comma-separated normalized tags describing trial focus (e.g., resectable_disease)."
    },
    {
      "name": "pdac_match_reason",
      "type": "string",
      "description": "Why the trial was included as PDAC-relevant (keyword/heuristic match reason)."
    }
  ]
}
